-- --------------------------------------------------------
-- ホスト:                          127.0.0.1
-- サーバーのバージョン:                   10.5.11-MariaDB-1:10.5.11+maria~focal - mariadb.org binary distribution
-- サーバー OS:                      debian-linux-gnu
-- HeidiSQL バージョン:               11.0.0.5919
-- --------------------------------------------------------

/*!40101 SET @OLD_CHARACTER_SET_CLIENT=@@CHARACTER_SET_CLIENT */;
/*!40101 SET NAMES utf8 */;
/*!50503 SET NAMES utf8mb4 */;
/*!40014 SET @OLD_FOREIGN_KEY_CHECKS=@@FOREIGN_KEY_CHECKS, FOREIGN_KEY_CHECKS=0 */;
/*!40101 SET @OLD_SQL_MODE=@@SQL_MODE, SQL_MODE='NO_AUTO_VALUE_ON_ZERO' */;

-- テーブル terzwebcms.tbl_config: ~7 rows (約) のデータをダンプしています
/*!40000 ALTER TABLE `tbl_config` DISABLE KEYS */;
INSERT INTO `tbl_config` (`configid`, `configname`, `value`, `setname`) VALUES
	(1, 'theme', 'templete', 'テンプレートフォルダ名');
INSERT INTO `tbl_config` (`configid`, `configname`, `value`, `setname`) VALUES
	(2, 'site_title', 'WEB ディレクター', 'サイトタイトル');
INSERT INTO `tbl_config` (`configid`, `configname`, `value`, `setname`) VALUES
	(3, 'meta_keyword', 'WEB開発,WEBディレクター,東京,神奈川', 'メタタグキーワード');
INSERT INTO `tbl_config` (`configid`, `configname`, `value`, `setname`) VALUES
	(4, 'meta_description', 'WEB制作からWEB開発まで行ってます。', 'メタタグ説明文');
INSERT INTO `tbl_config` (`configid`, `configname`, `value`, `setname`) VALUES
	(5, 'top_newblog_count', '4', 'ブログTOP表示件数');
INSERT INTO `tbl_config` (`configid`, `configname`, `value`, `setname`) VALUES
	(6, 'sidebar_newblog_count', '3', 'サイドバー最新表示件数');
INSERT INTO `tbl_config` (`configid`, `configname`, `value`, `setname`) VALUES
	(7, 'sidebar_tags_count', '5', 'サイドバータグ表示件数');
INSERT INTO `tbl_config` (`configid`, `configname`, `value`, `setname`) VALUES
	(8, 'snstwt', 'twitter.com', '');
INSERT INTO `tbl_config` (`configid`, `configname`, `value`, `setname`) VALUES
	(9, 'snsfb', 'agcd.com', 'FaceBookURL');
/*!40000 ALTER TABLE `tbl_config` ENABLE KEYS */;

-- テーブル terzwebcms.tbl_home: ~0 rows (約) のデータをダンプしています
/*!40000 ALTER TABLE `tbl_home` DISABLE KEYS */;
INSERT INTO `tbl_home` (`id`, `contents`, `lastupdate`) VALUES
	(1, '&lt;!--\r\n				Card - Started\r\n			--&gt;\r\n&lt;div class=&quot;card-inner card-started active&quot; id=&quot;home-card&quot;&gt;&lt;!-- Started Background --&gt;\r\n&lt;div class=&quot;slide&quot; style=&quot;background-image: url(images/bg.jpg);&quot;&gt;&amp;nbsp;&lt;/div&gt;\r\n\r\n&lt;div class=&quot;centrize full-width&quot;&gt;\r\n&lt;div class=&quot;vertical-center&quot;&gt;&lt;!-- Started titles --&gt;\r\n&lt;div class=&quot;title&quot;&gt;&lt;span&gt;Patrick&lt;/span&gt; Johansson&lt;/div&gt;\r\n\r\n&lt;div class=&quot;subtitle&quot;&gt;I am\r\n&lt;div class=&quot;typing-title&quot;&gt;\r\n&lt;p&gt;a &lt;strong&gt;web developer.&lt;/strong&gt;&lt;/p&gt;\r\n\r\n&lt;p&gt;a &lt;strong&gt;blogger.&lt;/strong&gt;&lt;/p&gt;\r\n\r\n&lt;p&gt;a &lt;strong&gt;freelancer.&lt;/strong&gt;&lt;/p&gt;\r\n\r\n&lt;p&gt;a &lt;strong&gt;photographer.&lt;/strong&gt;&lt;/p&gt;\r\n&lt;/div&gt;\r\n&lt;/div&gt;\r\n&lt;/div&gt;\r\n&lt;/div&gt;\r\n&lt;/div&gt;\r\n&lt;!-- \r\n				Card - About\r\n			--&gt;\r\n\r\n&lt;div class=&quot;card-inner&quot; id=&quot;about-card&quot;&gt;\r\n&lt;div class=&quot;row card-container&quot;&gt;&lt;!--\r\n						Card Wrap\r\n					--&gt;\r\n&lt;div class=&quot;card-wrap col col-m-12 col-t-12 col-d-8 col-d-lg-6&quot; data-simplebar=&quot;&quot;&gt;&lt;!-- About Image --&gt;\r\n&lt;div class=&quot;card-image col col-m-12 col-t-12 col-d-4 col-d-lg-6&quot; style=&quot;background-image: url(images/profile.jpg);&quot;&gt;&amp;nbsp;&lt;/div&gt;\r\n&lt;!--\r\n							Inner Top\r\n						--&gt;\r\n\r\n&lt;div class=&quot;content inner-top&quot;&gt;\r\n&lt;div class=&quot;row&quot;&gt;\r\n&lt;div class=&quot;col col-m-12 col-t-12 col-d-12 col-d-lg-12&quot;&gt;\r\n&lt;div class=&quot;title-bg&quot;&gt;About Me&lt;/div&gt;\r\n\r\n&lt;div class=&quot;text&quot;&gt;\r\n&lt;p&gt;&lt;strong&gt;Hello, I&amp;rsquo;m a Patrick&lt;/strong&gt;, web-developer based on Paris.&lt;br /&gt;\r\nI have rich experience in web site design &amp;amp; building&lt;br /&gt;\r\nand customization. Also I am good at &lt;strong&gt;html, css,&lt;br /&gt;\r\nwordpress, php, jquery, bootstrap.&lt;/strong&gt;&lt;/p&gt;\r\n&lt;/div&gt;\r\n\r\n&lt;div class=&quot;circle-bts&quot;&gt;&lt;a href=&quot;#&quot;&gt;&lt;span&gt;Download CV&lt;/span&gt;&lt;/a&gt;&lt;/div&gt;\r\n&lt;/div&gt;\r\n&lt;/div&gt;\r\n&lt;/div&gt;\r\n&lt;!--\r\n							Services\r\n						--&gt;\r\n\r\n&lt;div class=&quot;content services&quot;&gt;\r\n&lt;div class=&quot;row&quot;&gt;\r\n&lt;div class=&quot;col col-m-12 col-t-12 col-d-12 col-d-lg-12&quot;&gt;&lt;!-- title --&gt;\r\n&lt;div class=&quot;title&quot;&gt;&lt;span&gt;Our&lt;/span&gt; Services&lt;/div&gt;\r\n&lt;/div&gt;\r\n&lt;/div&gt;\r\n&lt;!-- service items --&gt;\r\n\r\n&lt;div class=&quot;row service-items&quot;&gt;&lt;!-- service item --&gt;\r\n&lt;div class=&quot;col col-m-12 col-t-6 col-d-6 col-d-lg-6&quot;&gt;\r\n&lt;div class=&quot;service-item card-box&quot;&gt;\r\n&lt;div class=&quot;icon&quot;&gt;&amp;nbsp;&lt;/div&gt;\r\n\r\n&lt;div class=&quot;name&quot;&gt;Web Development&lt;/div&gt;\r\n\r\n&lt;p&gt;Modern and mobile-ready website that will help of your marketing.&lt;/p&gt;\r\n&lt;/div&gt;\r\n&lt;/div&gt;\r\n&lt;!-- service item --&gt;\r\n\r\n&lt;div class=&quot;col col-m-12 col-t-6 col-d-6 col-d-lg-6&quot;&gt;\r\n&lt;div class=&quot;service-item card-box&quot;&gt;\r\n&lt;div class=&quot;icon&quot;&gt;&amp;nbsp;&lt;/div&gt;\r\n\r\n&lt;div class=&quot;name&quot;&gt;Music Writing&lt;/div&gt;\r\n\r\n&lt;p&gt;Music copying, transcription, arranging and composition Services.&lt;/p&gt;\r\n&lt;/div&gt;\r\n&lt;/div&gt;\r\n&lt;!-- service item --&gt;\r\n\r\n&lt;div class=&quot;col col-m-12 col-t-6 col-d-6 col-d-lg-6&quot;&gt;\r\n&lt;div class=&quot;service-item card-box&quot;&gt;\r\n&lt;div class=&quot;icon&quot;&gt;&amp;nbsp;&lt;/div&gt;\r\n\r\n&lt;div class=&quot;name&quot;&gt;Advetising&lt;/div&gt;\r\n\r\n&lt;p&gt;Advertising services include television, radio, print, mail and web.&lt;/p&gt;\r\n&lt;/div&gt;\r\n&lt;/div&gt;\r\n&lt;!-- service item --&gt;\r\n\r\n&lt;div class=&quot;col col-m-12 col-t-6 col-d-6 col-d-lg-6&quot;&gt;\r\n&lt;div class=&quot;service-item card-box&quot;&gt;\r\n&lt;div class=&quot;icon&quot;&gt;&amp;nbsp;&lt;/div&gt;\r\n\r\n&lt;div class=&quot;name&quot;&gt;Game Development&lt;/div&gt;\r\n\r\n&lt;p&gt;Developing memorable and unique mobile android, ios games.&lt;/p&gt;\r\n&lt;/div&gt;\r\n&lt;/div&gt;\r\n&lt;!-- service item --&gt;\r\n\r\n&lt;div class=&quot;col col-m-12 col-t-6 col-d-6 col-d-lg-6&quot;&gt;\r\n&lt;div class=&quot;service-item card-box&quot;&gt;\r\n&lt;div class=&quot;icon&quot;&gt;&amp;nbsp;&lt;/div&gt;\r\n\r\n&lt;div class=&quot;name&quot;&gt;Analytics&lt;/div&gt;\r\n\r\n&lt;p&gt;Basic, advanced, custom implementations and online media analysis.&lt;/p&gt;\r\n&lt;/div&gt;\r\n&lt;/div&gt;\r\n&lt;!-- service item --&gt;\r\n\r\n&lt;div class=&quot;col col-m-12 col-t-6 col-d-6 col-d-lg-6&quot;&gt;\r\n&lt;div class=&quot;service-item card-box&quot;&gt;\r\n&lt;div class=&quot;icon&quot;&gt;&amp;nbsp;&lt;/div&gt;\r\n\r\n&lt;div class=&quot;name&quot;&gt;Hosting&lt;/div&gt;\r\n\r\n&lt;p&gt;Full-day or half-day photo shoots with all necessary equipment.&lt;/p&gt;\r\n&lt;/div&gt;\r\n&lt;/div&gt;\r\n&lt;/div&gt;\r\n&lt;/div&gt;\r\n&lt;!--\r\n							Price Tables\r\n						--&gt;\r\n\r\n&lt;div class=&quot;content pricing&quot;&gt;\r\n&lt;div class=&quot;row&quot;&gt;\r\n&lt;div class=&quot;col col-m-12 col-t-12 col-d-12 col-d-lg-12&quot;&gt;&lt;!-- title --&gt;\r\n&lt;div class=&quot;title&quot;&gt;&lt;span&gt;Pricing&lt;/span&gt; Tables&lt;/div&gt;\r\n&lt;/div&gt;\r\n&lt;/div&gt;\r\n&lt;!-- pricing items --&gt;\r\n\r\n&lt;div class=&quot;row pricing-items&quot;&gt;&lt;!-- pricing item --&gt;\r\n&lt;div class=&quot;col col-m-12 col-t-6 col-d-6 col-d-lg-6&quot;&gt;\r\n&lt;div class=&quot;pricing-item card-box&quot;&gt;\r\n&lt;div class=&quot;icon&quot;&gt;&amp;nbsp;&lt;/div&gt;\r\n\r\n&lt;div class=&quot;name&quot;&gt;Basic&lt;/div&gt;\r\n\r\n&lt;div class=&quot;amount&quot;&gt;&lt;span class=&quot;dollar&quot;&gt;$&lt;/span&gt; &lt;span class=&quot;number&quot;&gt;22&lt;/span&gt; &lt;span class=&quot;period&quot;&gt;hour&lt;/span&gt;&lt;/div&gt;\r\n\r\n&lt;div class=&quot;feature-list&quot;&gt;\r\n&lt;ul&gt;\r\n	&lt;li&gt;Web Development&lt;/li&gt;\r\n	&lt;li&gt;Advetising&lt;/li&gt;\r\n	&lt;li&gt;Game Development&lt;/li&gt;\r\n	&lt;li class=&quot;disable&quot;&gt;Music Writing&lt;/li&gt;\r\n	&lt;li class=&quot;disable&quot;&gt;Photography &lt;strong&gt;new&lt;/strong&gt;&lt;/li&gt;\r\n&lt;/ul&gt;\r\n&lt;/div&gt;\r\n\r\n&lt;div class=&quot;lnks&quot;&gt;&lt;a class=&quot;lnk&quot; href=&quot;#&quot;&gt;Buy &lt;span&gt;Basic&lt;/span&gt;&lt;/a&gt;&lt;/div&gt;\r\n&lt;/div&gt;\r\n&lt;/div&gt;\r\n&lt;!-- pricing item --&gt;\r\n\r\n&lt;div class=&quot;col col-m-12 col-t-6 col-d-6 col-d-lg-6&quot;&gt;\r\n&lt;div class=&quot;pricing-item card-box&quot;&gt;\r\n&lt;div class=&quot;icon&quot;&gt;&amp;nbsp;&lt;/div&gt;\r\n\r\n&lt;div class=&quot;name&quot;&gt;Pro&lt;/div&gt;\r\n\r\n&lt;div class=&quot;amount&quot;&gt;&lt;span class=&quot;dollar&quot;&gt;$&lt;/span&gt; &lt;span class=&quot;number&quot;&gt;48&lt;/span&gt; &lt;span class=&quot;period&quot;&gt;hour&lt;/span&gt;&lt;/div&gt;\r\n\r\n&lt;div class=&quot;feature-list&quot;&gt;\r\n&lt;ul&gt;\r\n	&lt;li&gt;Web Development&lt;/li&gt;\r\n	&lt;li&gt;Advetising&lt;/li&gt;\r\n	&lt;li&gt;Game Development&lt;/li&gt;\r\n	&lt;li&gt;Music Writing&lt;/li&gt;\r\n	&lt;li&gt;Photography &lt;strong&gt;new&lt;/strong&gt;&lt;/li&gt;\r\n&lt;/ul&gt;\r\n&lt;/div&gt;\r\n\r\n&lt;div class=&quot;lnks&quot;&gt;&lt;a class=&quot;lnk&quot; href=&quot;#&quot;&gt;Buy &lt;span&gt;Pro&lt;/span&gt;&lt;/a&gt;&lt;/div&gt;\r\n&lt;/div&gt;\r\n&lt;/div&gt;\r\n&lt;/div&gt;\r\n&lt;/div&gt;\r\n&lt;!--\r\n							Fun Fact\r\n						--&gt;\r\n\r\n&lt;div class=&quot;content fuct&quot;&gt;\r\n&lt;div class=&quot;row&quot;&gt;\r\n&lt;div class=&quot;col col-m-12 col-t-12 col-d-12 col-d-lg-12&quot;&gt;&lt;!-- title --&gt;\r\n&lt;div class=&quot;title&quot;&gt;&lt;span&gt;Fun&lt;/span&gt; Facts&lt;/div&gt;\r\n&lt;/div&gt;\r\n&lt;/div&gt;\r\n&lt;!-- fuct items --&gt;\r\n\r\n&lt;div class=&quot;row fuct-items&quot;&gt;&lt;!-- fuct item --&gt;\r\n&lt;div class=&quot;col col-m-6 col-t-6 col-d-3 col-d-lg-3&quot;&gt;\r\n&lt;div class=&quot;fuct-item card-box&quot;&gt;\r\n&lt;div class=&quot;icon&quot;&gt;&amp;nbsp;&lt;/div&gt;\r\n\r\n&lt;div class=&quot;name&quot;&gt;47 Albumes Listened&lt;/div&gt;\r\n&lt;/div&gt;\r\n&lt;/div&gt;\r\n&lt;!-- fuct item --&gt;\r\n\r\n&lt;div class=&quot;col col-m-6 col-t-6 col-d-3 col-d-lg-3&quot;&gt;\r\n&lt;div class=&quot;fuct-item card-box&quot;&gt;\r\n&lt;div class=&quot;icon&quot;&gt;&amp;nbsp;&lt;/div&gt;\r\n\r\n&lt;div class=&quot;name&quot;&gt;15 Awards Won&lt;/div&gt;\r\n&lt;/div&gt;\r\n&lt;/div&gt;\r\n&lt;!-- fuct item --&gt;\r\n\r\n&lt;div class=&quot;col col-m-6 col-t-6 col-d-3 col-d-lg-3&quot;&gt;\r\n&lt;div class=&quot;fuct-item card-box&quot;&gt;\r\n&lt;div class=&quot;icon&quot;&gt;&amp;nbsp;&lt;/div&gt;\r\n\r\n&lt;div class=&quot;name&quot;&gt;54 Projects Completed&lt;/div&gt;\r\n&lt;/div&gt;\r\n&lt;/div&gt;\r\n&lt;!-- fuct item --&gt;\r\n\r\n&lt;div class=&quot;col col-m-6 col-t-6 col-d-3 col-d-lg-3&quot;&gt;\r\n&lt;div class=&quot;fuct-item card-box&quot;&gt;\r\n&lt;div class=&quot;icon&quot;&gt;&amp;nbsp;&lt;/div&gt;\r\n\r\n&lt;div class=&quot;name&quot;&gt;10 Countries Visited&lt;/div&gt;\r\n&lt;/div&gt;\r\n&lt;/div&gt;\r\n&lt;!-- fuct item --&gt;\r\n\r\n&lt;div class=&quot;col col-m-6 col-t-6 col-d-3 col-d-lg-3&quot;&gt;\r\n&lt;div class=&quot;fuct-item card-box&quot;&gt;\r\n&lt;div class=&quot;icon&quot;&gt;&amp;nbsp;&lt;/div&gt;\r\n\r\n&lt;div class=&quot;name&quot;&gt;50+ Books Readed&lt;/div&gt;\r\n&lt;/div&gt;\r\n&lt;/div&gt;\r\n&lt;!-- fuct item --&gt;\r\n\r\n&lt;div class=&quot;col col-m-6 col-t-6 col-d-3 col-d-lg-3&quot;&gt;\r\n&lt;div class=&quot;fuct-item card-box&quot;&gt;\r\n&lt;div class=&quot;icon&quot;&gt;&amp;nbsp;&lt;/div&gt;\r\n\r\n&lt;div class=&quot;name&quot;&gt;100 000 Lines of Code&lt;/div&gt;\r\n&lt;/div&gt;\r\n&lt;/div&gt;\r\n&lt;!-- fuct item --&gt;\r\n\r\n&lt;div class=&quot;col col-m-6 col-t-6 col-d-3 col-d-lg-3&quot;&gt;\r\n&lt;div class=&quot;fuct-item card-box&quot;&gt;\r\n&lt;div class=&quot;icon&quot;&gt;&amp;nbsp;&lt;/div&gt;\r\n\r\n&lt;div class=&quot;name&quot;&gt;49 Satisfied Customers&lt;/div&gt;\r\n&lt;/div&gt;\r\n&lt;/div&gt;\r\n&lt;!-- fuct item --&gt;\r\n\r\n&lt;div class=&quot;col col-m-6 col-t-6 col-d-3 col-d-lg-3&quot;&gt;\r\n&lt;div class=&quot;fuct-item card-box&quot;&gt;\r\n&lt;div class=&quot;icon&quot;&gt;&amp;nbsp;&lt;/div&gt;\r\n\r\n&lt;div class=&quot;name&quot;&gt;1250 km Cycled&lt;/div&gt;\r\n&lt;/div&gt;\r\n&lt;/div&gt;\r\n&lt;/div&gt;\r\n&lt;/div&gt;\r\n&lt;!--\r\n							Clients\r\n						--&gt;\r\n\r\n&lt;div class=&quot;content clients&quot;&gt;\r\n&lt;div class=&quot;row&quot;&gt;\r\n&lt;div class=&quot;col col-m-12 col-t-12 col-d-12 col-d-lg-12&quot;&gt;&lt;!-- title --&gt;\r\n&lt;div class=&quot;title&quot;&gt;&lt;span&gt;Our&lt;/span&gt; Clients&lt;/div&gt;\r\n&lt;/div&gt;\r\n&lt;/div&gt;\r\n&lt;!-- client items --&gt;\r\n\r\n&lt;div class=&quot;row client-items&quot;&gt;&lt;!-- client item --&gt;\r\n&lt;div class=&quot;col col-m-6 col-t-6 col-d-3 col-d-lg-3&quot;&gt;\r\n&lt;div class=&quot;client-item card-box&quot;&gt;\r\n&lt;div class=&quot;image&quot;&gt;&lt;a href=&quot;https://www.google.com&quot; target=&quot;_blank&quot;&gt;&lt;img alt=&quot;&quot; src=&quot;images/clients/client_1.png&quot; /&gt; &lt;/a&gt;&lt;/div&gt;\r\n&lt;/div&gt;\r\n&lt;/div&gt;\r\n&lt;!-- client item --&gt;\r\n\r\n&lt;div class=&quot;col col-m-6 col-t-6 col-d-3 col-d-lg-3&quot;&gt;\r\n&lt;div class=&quot;client-item card-box&quot;&gt;\r\n&lt;div class=&quot;image&quot;&gt;&lt;a href=&quot;https://www.google.com&quot; target=&quot;_blank&quot;&gt;&lt;img alt=&quot;&quot; src=&quot;images/clients/client_3.png&quot; /&gt; &lt;/a&gt;&lt;/div&gt;\r\n&lt;/div&gt;\r\n&lt;/div&gt;\r\n&lt;!-- client item --&gt;\r\n\r\n&lt;div class=&quot;col col-m-6 col-t-6 col-d-3 col-d-lg-3&quot;&gt;\r\n&lt;div class=&quot;client-item card-box&quot;&gt;\r\n&lt;div class=&quot;image&quot;&gt;&lt;a href=&quot;https://www.google.com&quot; target=&quot;_blank&quot;&gt;&lt;img alt=&quot;&quot; src=&quot;images/clients/client_4.png&quot; /&gt; &lt;/a&gt;&lt;/div&gt;\r\n&lt;/div&gt;\r\n&lt;/div&gt;\r\n&lt;!-- client item --&gt;\r\n\r\n&lt;div class=&quot;col col-m-6 col-t-6 col-d-3 col-d-lg-3&quot;&gt;\r\n&lt;div class=&quot;client-item card-box&quot;&gt;\r\n&lt;div class=&quot;image&quot;&gt;&lt;a href=&quot;https://www.google.com&quot; target=&quot;_blank&quot;&gt;&lt;img alt=&quot;&quot; src=&quot;images/clients/client_1.png&quot; /&gt; &lt;/a&gt;&lt;/div&gt;\r\n&lt;/div&gt;\r\n&lt;/div&gt;\r\n&lt;!-- client item --&gt;\r\n\r\n&lt;div class=&quot;col col-m-6 col-t-6 col-d-3 col-d-lg-3&quot;&gt;\r\n&lt;div class=&quot;client-item card-box&quot;&gt;\r\n&lt;div class=&quot;image&quot;&gt;&lt;a href=&quot;https://www.google.com&quot; target=&quot;_blank&quot;&gt;&lt;img alt=&quot;&quot; src=&quot;images/clients/client_3.png&quot; /&gt; &lt;/a&gt;&lt;/div&gt;\r\n&lt;/div&gt;\r\n&lt;/div&gt;\r\n&lt;!-- client item --&gt;\r\n\r\n&lt;div class=&quot;col col-m-6 col-t-6 col-d-3 col-d-lg-3&quot;&gt;\r\n&lt;div class=&quot;client-item card-box&quot;&gt;\r\n&lt;div class=&quot;image&quot;&gt;&lt;a href=&quot;https://www.google.com&quot; target=&quot;_blank&quot;&gt;&lt;img alt=&quot;&quot; src=&quot;images/clients/client_4.png&quot; /&gt; &lt;/a&gt;&lt;/div&gt;\r\n&lt;/div&gt;\r\n&lt;/div&gt;\r\n&lt;!-- client item --&gt;\r\n\r\n&lt;div class=&quot;col col-m-6 col-t-6 col-d-3 col-d-lg-3&quot;&gt;\r\n&lt;div class=&quot;client-item card-box&quot;&gt;\r\n&lt;div class=&quot;image&quot;&gt;&lt;a href=&quot;https://www.google.com&quot; target=&quot;_blank&quot;&gt;&lt;img alt=&quot;&quot; src=&quot;images/clients/client_1.png&quot; /&gt; &lt;/a&gt;&lt;/div&gt;\r\n&lt;/div&gt;\r\n&lt;/div&gt;\r\n&lt;!-- client item --&gt;\r\n\r\n&lt;div class=&quot;col col-m-6 col-t-6 col-d-3 col-d-lg-3&quot;&gt;\r\n&lt;div class=&quot;client-item card-box&quot;&gt;\r\n&lt;div class=&quot;image&quot;&gt;&lt;a href=&quot;https://www.google.com&quot; target=&quot;_blank&quot;&gt;&lt;img alt=&quot;&quot; src=&quot;images/clients/client_3.png&quot; /&gt; &lt;/a&gt;&lt;/div&gt;\r\n&lt;/div&gt;\r\n&lt;/div&gt;\r\n&lt;/div&gt;\r\n&lt;/div&gt;\r\n&lt;/div&gt;\r\n&lt;/div&gt;\r\n&lt;/div&gt;\r\n&lt;!-- \r\n				Card - Resume\r\n			--&gt;\r\n\r\n&lt;div class=&quot;card-inner&quot; id=&quot;resume-card&quot;&gt;\r\n&lt;div class=&quot;row card-container&quot;&gt;&lt;!--\r\n						Card Wrap\r\n					--&gt;\r\n&lt;div class=&quot;card-wrap col col-m-12 col-t-12 col-d-8 col-d-lg-6&quot; data-simplebar=&quot;&quot;&gt;&lt;!-- Resume Image --&gt;\r\n&lt;div class=&quot;card-image col col-m-12 col-t-12 col-d-4 col-d-lg-6&quot; style=&quot;background-image: url(images/profile2.jpg);&quot;&gt;&amp;nbsp;&lt;/div&gt;\r\n&lt;!--\r\n							Inner Top\r\n						--&gt;\r\n\r\n&lt;div class=&quot;content inner-top&quot;&gt;\r\n&lt;div class=&quot;row&quot;&gt;\r\n&lt;div class=&quot;col col-m-12 col-t-12 col-d-12 col-d-lg-12&quot;&gt;\r\n&lt;div class=&quot;title-bg&quot;&gt;Resume&lt;/div&gt;\r\n&lt;/div&gt;\r\n&lt;/div&gt;\r\n&lt;/div&gt;\r\n&lt;!--\r\n							Resume\r\n						--&gt;\r\n\r\n&lt;div class=&quot;content resume&quot;&gt;\r\n&lt;div class=&quot;row&quot;&gt;\r\n&lt;div class=&quot;col col-m-12 col-t-6 col-d-6 col-d-lg-6&quot;&gt;&lt;!-- title --&gt;\r\n&lt;div class=&quot;title&quot;&gt;&lt;span&gt;My&lt;/span&gt; Experience&lt;/div&gt;\r\n&lt;!-- resume items --&gt;\r\n\r\n&lt;div class=&quot;resume-items card-box&quot;&gt;&lt;!-- resume item --&gt;\r\n&lt;div class=&quot;resume-item&quot;&gt;\r\n&lt;div class=&quot;name&quot;&gt;Web Development&lt;/div&gt;\r\n\r\n&lt;div class=&quot;date&quot;&gt;2013-Present &lt;span&gt;|&lt;/span&gt; Facebook Inc.&lt;/div&gt;\r\n\r\n&lt;p&gt;Collaborate with creative and development teams on the execution of ideas.&lt;/p&gt;\r\n&lt;/div&gt;\r\n&lt;!-- resume item --&gt;\r\n\r\n&lt;div class=&quot;resume-item&quot;&gt;\r\n&lt;div class=&quot;name&quot;&gt;Front-end Developer&lt;/div&gt;\r\n\r\n&lt;div class=&quot;date&quot;&gt;2011-2012 &lt;span&gt;|&lt;/span&gt; Google Inc.&lt;/div&gt;\r\n\r\n&lt;p&gt;Monitored technical aspects of the front-end delivery for several projects.&lt;/p&gt;\r\n&lt;/div&gt;\r\n&lt;!-- resume item --&gt;\r\n\r\n&lt;div class=&quot;resume-item&quot;&gt;\r\n&lt;div class=&quot;name&quot;&gt;Senior Developer&lt;/div&gt;\r\n\r\n&lt;div class=&quot;date&quot;&gt;2009-2010 &lt;span&gt;|&lt;/span&gt; Abc Inc.&lt;/div&gt;\r\n\r\n&lt;p&gt;Optimize website performance using latest technology.&lt;/p&gt;\r\n&lt;/div&gt;\r\n&lt;/div&gt;\r\n&lt;/div&gt;\r\n\r\n&lt;div class=&quot;col col-m-12 col-t-6 col-d-6 col-d-lg-6&quot;&gt;&lt;!-- title --&gt;\r\n&lt;div class=&quot;title&quot;&gt;&lt;span&gt;My&lt;/span&gt; Education&lt;/div&gt;\r\n&lt;!-- resume items --&gt;\r\n\r\n&lt;div class=&quot;resume-items card-box&quot;&gt;&lt;!-- resume item --&gt;\r\n&lt;div class=&quot;resume-item&quot;&gt;\r\n&lt;div class=&quot;name&quot;&gt;Art University&lt;/div&gt;\r\n\r\n&lt;div class=&quot;date&quot;&gt;2006-2008 &lt;span&gt;|&lt;/span&gt; New York&lt;/div&gt;\r\n\r\n&lt;p&gt;Bachelor&amp;#39;s Degree in Computer Science ABC Technical Institute, Jefferson, Missouri&lt;/p&gt;\r\n&lt;/div&gt;\r\n&lt;!-- resume item --&gt;\r\n\r\n&lt;div class=&quot;resume-item&quot;&gt;\r\n&lt;div class=&quot;name&quot;&gt;Programming Course&lt;/div&gt;\r\n\r\n&lt;div class=&quot;date&quot;&gt;2005-2006 &lt;span&gt;|&lt;/span&gt; Paris&lt;/div&gt;\r\n\r\n&lt;p&gt;Bachelor&amp;#39;s Degree in Computer Science ABC Technical Institute, Jefferson, Missouri&lt;/p&gt;\r\n&lt;/div&gt;\r\n&lt;!-- resume item --&gt;\r\n\r\n&lt;div class=&quot;resume-item&quot;&gt;\r\n&lt;div class=&quot;name&quot;&gt;Web Design Course&lt;/div&gt;\r\n\r\n&lt;div class=&quot;date&quot;&gt;2004-2005 &lt;span&gt;|&lt;/span&gt; London&lt;/div&gt;\r\n\r\n&lt;p&gt;Converted Photoshop layouts to web pages using HTML, CSS, and JavaScript&lt;/p&gt;\r\n&lt;/div&gt;\r\n&lt;/div&gt;\r\n&lt;/div&gt;\r\n&lt;/div&gt;\r\n&lt;/div&gt;\r\n&lt;!--\r\n							Skills\r\n						--&gt;\r\n\r\n&lt;div class=&quot;content skills&quot;&gt;\r\n&lt;div class=&quot;row&quot;&gt;\r\n&lt;div class=&quot;col col-m-12 col-t-6 col-d-6 col-d-lg-6&quot;&gt;&lt;!-- title --&gt;\r\n&lt;div class=&quot;title&quot;&gt;&lt;span&gt;Personal&lt;/span&gt; Skills&lt;/div&gt;\r\n&lt;!-- skills --&gt;\r\n\r\n&lt;div class=&quot;skills-list card-box&quot;&gt;\r\n&lt;ul&gt;\r\n	&lt;li&gt;\r\n	&lt;div class=&quot;name&quot;&gt;Communication&lt;/div&gt;\r\n\r\n	&lt;div class=&quot;progress&quot;&gt;\r\n	&lt;div class=&quot;percentage&quot; style=&quot;width:90%;&quot;&gt;&amp;nbsp;&lt;/div&gt;\r\n	&lt;/div&gt;\r\n	&lt;/li&gt;\r\n	&lt;li&gt;\r\n	&lt;div class=&quot;name&quot;&gt;Team Work&lt;/div&gt;\r\n\r\n	&lt;div class=&quot;progress&quot;&gt;\r\n	&lt;div class=&quot;percentage&quot; style=&quot;width:65%;&quot;&gt;&amp;nbsp;&lt;/div&gt;\r\n	&lt;/div&gt;\r\n	&lt;/li&gt;\r\n	&lt;li&gt;\r\n	&lt;div class=&quot;name&quot;&gt;Leadership&lt;/div&gt;\r\n\r\n	&lt;div class=&quot;progress&quot;&gt;\r\n	&lt;div class=&quot;percentage&quot; style=&quot;width:75%;&quot;&gt;&amp;nbsp;&lt;/div&gt;\r\n	&lt;/div&gt;\r\n	&lt;/li&gt;\r\n	&lt;li&gt;\r\n	&lt;div class=&quot;name&quot;&gt;Language&lt;/div&gt;\r\n\r\n	&lt;div class=&quot;progress&quot;&gt;\r\n	&lt;div class=&quot;percentage&quot; style=&quot;width:85%;&quot;&gt;&amp;nbsp;&lt;/div&gt;\r\n	&lt;/div&gt;\r\n	&lt;/li&gt;\r\n&lt;/ul&gt;\r\n&lt;/div&gt;\r\n&lt;/div&gt;\r\n\r\n&lt;div class=&quot;col col-m-12 col-t-6 col-d-6 col-d-lg-6&quot;&gt;&lt;!-- title --&gt;\r\n&lt;div class=&quot;title&quot;&gt;&lt;span&gt;Professional&lt;/span&gt; Skills&lt;/div&gt;\r\n&lt;!-- skills --&gt;\r\n\r\n&lt;div class=&quot;skills-list card-box&quot;&gt;\r\n&lt;ul&gt;\r\n	&lt;li&gt;\r\n	&lt;div class=&quot;name&quot;&gt;WordPress&lt;/div&gt;\r\n\r\n	&lt;div class=&quot;progress&quot;&gt;\r\n	&lt;div class=&quot;percentage&quot; style=&quot;width:90%;&quot;&gt;&amp;nbsp;&lt;/div&gt;\r\n	&lt;/div&gt;\r\n	&lt;/li&gt;\r\n	&lt;li&gt;\r\n	&lt;div class=&quot;name&quot;&gt;PHP / MYSQL&lt;/div&gt;\r\n\r\n	&lt;div class=&quot;progress&quot;&gt;\r\n	&lt;div class=&quot;percentage&quot; style=&quot;width:65%;&quot;&gt;&amp;nbsp;&lt;/div&gt;\r\n	&lt;/div&gt;\r\n	&lt;/li&gt;\r\n	&lt;li&gt;\r\n	&lt;div class=&quot;name&quot;&gt;HTML / CSS / JS&lt;/div&gt;\r\n\r\n	&lt;div class=&quot;progress&quot;&gt;\r\n	&lt;div class=&quot;percentage&quot; style=&quot;width:95%;&quot;&gt;&amp;nbsp;&lt;/div&gt;\r\n	&lt;/div&gt;\r\n	&lt;/li&gt;\r\n	&lt;li&gt;\r\n	&lt;div class=&quot;name&quot;&gt;Photoshop&lt;/div&gt;\r\n\r\n	&lt;div class=&quot;progress&quot;&gt;\r\n	&lt;div class=&quot;percentage&quot; style=&quot;width:85%;&quot;&gt;&amp;nbsp;&lt;/div&gt;\r\n	&lt;/div&gt;\r\n	&lt;/li&gt;\r\n&lt;/ul&gt;\r\n&lt;/div&gt;\r\n&lt;/div&gt;\r\n&lt;/div&gt;\r\n&lt;/div&gt;\r\n&lt;/div&gt;\r\n&lt;/div&gt;\r\n&lt;/div&gt;\r\n&lt;!-- \r\n				Card - Works\r\n			--&gt;\r\n\r\n&lt;div class=&quot;card-inner&quot; id=&quot;works-card&quot;&gt;\r\n&lt;div class=&quot;row card-container&quot;&gt;&lt;!--\r\n						Card Wrap\r\n					--&gt;\r\n&lt;div class=&quot;card-wrap col col-m-12 col-t-12 col-d-8 col-d-lg-6&quot; data-simplebar=&quot;&quot;&gt;&lt;!-- Work Image --&gt;\r\n&lt;div class=&quot;card-image col col-m-12 col-t-12 col-d-4 col-d-lg-6&quot; style=&quot;background-image: url(images/profile3.jpg);&quot;&gt;&amp;nbsp;&lt;/div&gt;\r\n&lt;!--\r\n							Inner Top\r\n						--&gt;\r\n\r\n&lt;div class=&quot;content inner-top&quot;&gt;\r\n&lt;div class=&quot;row&quot;&gt;\r\n&lt;div class=&quot;col col-m-12 col-t-12 col-d-12 col-d-lg-12&quot;&gt;\r\n&lt;div class=&quot;title-bg&quot;&gt;Portfolio&lt;/div&gt;\r\n&lt;/div&gt;\r\n&lt;/div&gt;\r\n&lt;/div&gt;\r\n&lt;!--\r\n							Works\r\n						--&gt;\r\n\r\n&lt;div class=&quot;content works&quot;&gt;\r\n&lt;div class=&quot;row&quot;&gt;\r\n&lt;div class=&quot;col col-m-12 col-t-5 col-d-5 col-d-lg-5&quot;&gt;&lt;!-- title --&gt;\r\n&lt;div class=&quot;title&quot;&gt;&lt;span&gt;My&lt;/span&gt; Portfolio&lt;/div&gt;\r\n&lt;/div&gt;\r\n\r\n&lt;div class=&quot;col col-m-12 col-t-7 col-d-7 col-d-lg-7&quot;&gt;&lt;!-- filters --&gt;\r\n&lt;div class=&quot;filter-menu filter-button-group&quot;&gt;\r\n&lt;div class=&quot;f_btn active&quot;&gt;&lt;label&gt;&lt;input name=&quot;fl_radio&quot; type=&quot;radio&quot; value=&quot;grid-item&quot; /&gt;All&lt;/label&gt;&lt;/div&gt;\r\n\r\n&lt;div class=&quot;f_btn&quot;&gt;&lt;label&gt;&lt;input name=&quot;fl_radio&quot; type=&quot;radio&quot; value=&quot;photo&quot; /&gt;Photo&lt;/label&gt;&lt;/div&gt;\r\n\r\n&lt;div class=&quot;f_btn&quot;&gt;&lt;label&gt;&lt;input name=&quot;fl_radio&quot; type=&quot;radio&quot; value=&quot;video&quot; /&gt;Video&lt;/label&gt;&lt;/div&gt;\r\n\r\n&lt;div class=&quot;f_btn&quot;&gt;&lt;label&gt;&lt;input name=&quot;fl_radio&quot; type=&quot;radio&quot; value=&quot;music&quot; /&gt;Music&lt;/label&gt;&lt;/div&gt;\r\n\r\n&lt;div class=&quot;f_btn&quot;&gt;&lt;label&gt;&lt;input name=&quot;fl_radio&quot; type=&quot;radio&quot; value=&quot;design&quot; /&gt;Design&lt;/label&gt;&lt;/div&gt;\r\n&lt;/div&gt;\r\n&lt;/div&gt;\r\n&lt;/div&gt;\r\n&lt;!-- work items --&gt;\r\n\r\n&lt;div class=&quot;row grid-items&quot;&gt;&lt;!-- work item photo --&gt;\r\n&lt;div class=&quot;col col-m-12 col-t-6 col-d-6 col-d-lg-6 grid-item photo&quot;&gt;\r\n&lt;div class=&quot;box-item card-box&quot;&gt;\r\n&lt;div class=&quot;image&quot;&gt;&lt;a class=&quot;has-popup-image&quot; href=&quot;images/works/work1.jpg&quot;&gt;&lt;img alt=&quot;&quot; src=&quot;images/works/work1.jpg&quot; /&gt; &lt;span class=&quot;info&quot;&gt; &lt;/span&gt; &lt;/a&gt;&lt;/div&gt;\r\n\r\n&lt;div class=&quot;desc&quot;&gt;&lt;a class=&quot;name has-popup-image&quot; href=&quot;images/works/work1.jpg&quot;&gt;Motorcycle Helmet&lt;/a&gt;\r\n\r\n&lt;div class=&quot;category&quot;&gt;Photo&lt;/div&gt;\r\n&lt;/div&gt;\r\n&lt;/div&gt;\r\n&lt;/div&gt;\r\n&lt;!-- work item video --&gt;\r\n\r\n&lt;div class=&quot;col col-m-12 col-t-6 col-d-6 col-d-lg-6 grid-item video&quot;&gt;\r\n&lt;div class=&quot;box-item card-box&quot;&gt;\r\n&lt;div class=&quot;image&quot;&gt;&lt;a class=&quot;has-popup-video&quot; href=&quot;https://vimeo.com/97102654&quot;&gt;&lt;img alt=&quot;&quot; src=&quot;images/works/work2.jpg&quot; /&gt; &lt;span class=&quot;info&quot;&gt; &lt;/span&gt; &lt;/a&gt;&lt;/div&gt;\r\n\r\n&lt;div class=&quot;desc&quot;&gt;&lt;a class=&quot;name has-popup-video&quot; href=&quot;https://vimeo.com/97102654&quot;&gt;Minimalism Shapes&lt;/a&gt;\r\n\r\n&lt;div class=&quot;category&quot;&gt;Video&lt;/div&gt;\r\n&lt;/div&gt;\r\n&lt;/div&gt;\r\n&lt;/div&gt;\r\n&lt;!-- work item music --&gt;\r\n\r\n&lt;div class=&quot;col col-m-12 col-t-6 col-d-6 col-d-lg-6 grid-item music&quot;&gt;\r\n&lt;div class=&quot;box-item card-box&quot;&gt;\r\n&lt;div class=&quot;image&quot;&gt;&lt;a class=&quot;has-popup-music&quot; href=&quot;https://w.soundcloud.com/player/?visual=true&amp;amp;url=http%3A%2F%2Fapi.soundcloud.com%2Ftracks%2F221650664&amp;amp;show_artwork=true&quot;&gt;&lt;img alt=&quot;&quot; src=&quot;images/works/work3.jpg&quot; /&gt; &lt;span class=&quot;info&quot;&gt; &lt;/span&gt; &lt;/a&gt;&lt;/div&gt;\r\n\r\n&lt;div class=&quot;desc&quot;&gt;&lt;a class=&quot;name has-popup&quot; href=&quot;#&quot;&gt;Staircase&lt;/a&gt;\r\n\r\n&lt;div class=&quot;category&quot;&gt;Music&lt;/div&gt;\r\n&lt;/div&gt;\r\n&lt;/div&gt;\r\n&lt;/div&gt;\r\n&lt;!-- work item design --&gt;\r\n\r\n&lt;div class=&quot;col col-m-12 col-t-6 col-d-6 col-d-lg-6 grid-item design&quot;&gt;\r\n&lt;div class=&quot;box-item card-box&quot;&gt;\r\n&lt;div class=&quot;image&quot;&gt;&lt;a class=&quot;has-popup-media&quot; href=&quot;#popup-1&quot;&gt;&lt;img alt=&quot;&quot; src=&quot;images/works/work4.jpg&quot; /&gt; &lt;span class=&quot;info&quot;&gt; &lt;/span&gt; &lt;/a&gt;&lt;/div&gt;\r\n\r\n&lt;div class=&quot;desc&quot;&gt;&lt;a class=&quot;name has-popup-media&quot; href=&quot;#popup-1&quot;&gt;Mobile Application&lt;/a&gt;\r\n\r\n&lt;div class=&quot;category&quot;&gt;Design&lt;/div&gt;\r\n&lt;/div&gt;\r\n\r\n&lt;div class=&quot;popup-box mfp-fade mfp-hide&quot; id=&quot;popup-1&quot;&gt;\r\n&lt;div class=&quot;content&quot;&gt;\r\n&lt;div class=&quot;image&quot;&gt;&lt;img alt=&quot;&quot; src=&quot;images/works/work4.jpg&quot; /&gt;&lt;/div&gt;\r\n\r\n&lt;div class=&quot;desc&quot;&gt;\r\n&lt;div class=&quot;post-box&quot;&gt;\r\n&lt;h1&gt;Mobile Application&lt;/h1&gt;\r\n\r\n&lt;div class=&quot;blog-detail&quot;&gt;Design&lt;/div&gt;\r\n\r\n&lt;div class=&quot;blog-content&quot;&gt;\r\n&lt;p&gt;So striking at of to welcomed resolved. Northward by described up household therefore attention. Excellence decisively nay man yet impression for contrasted remarkably.&lt;/p&gt;\r\n\r\n&lt;p&gt;Forfeited you engrossed but gay sometimes explained. Another as studied it to evident. Merry sense given he be arise. Conduct at an replied removal an amongst. Remaining determine few her two cordially admitting old.&lt;/p&gt;\r\n\r\n&lt;blockquote&gt;Vestibulum ante ipsum primis in faucibus orci luctus et ultrices posuere cubilia Curae; Pellentesque suscipit.&lt;/blockquote&gt;\r\n\r\n&lt;p&gt;Tiled say decay spoil now walls meant house. My mr interest thoughts screened of outweigh removing. Evening society musical besides inhabit ye my. Lose hill well up will he over on. Increasing sufficient everything men him admiration unpleasing sex.&lt;/p&gt;\r\n\r\n&lt;ul class=&quot;list-style&quot;&gt;\r\n	&lt;li&gt;Greatest properly off ham exercise all.&lt;/li&gt;\r\n	&lt;li&gt;Unsatiable invitation its possession nor off.&lt;/li&gt;\r\n	&lt;li&gt;All difficulty estimating unreserved increasing the solicitude.&lt;/li&gt;\r\n&lt;/ul&gt;\r\n\r\n&lt;p&gt;Unpleasant astonished an diminution up partiality. Noisy an their of meant. Death means up civil do an offer wound of.&lt;/p&gt;\r\n&lt;/div&gt;\r\n&lt;a class=&quot;button&quot; href=&quot;#&quot;&gt;&lt;span class=&quot;text&quot;&gt;View Project&lt;/span&gt; &lt;/a&gt;&lt;/div&gt;\r\n&lt;/div&gt;\r\n&lt;/div&gt;\r\n&lt;/div&gt;\r\n&lt;/div&gt;\r\n&lt;/div&gt;\r\n&lt;!-- work item photo --&gt;\r\n\r\n&lt;div class=&quot;col col-m-12 col-t-6 col-d-6 col-d-lg-6 grid-item photo&quot;&gt;\r\n&lt;div class=&quot;box-item card-box&quot;&gt;\r\n&lt;div class=&quot;image&quot;&gt;&lt;a class=&quot;has-popup-image&quot; href=&quot;images/works/work5.jpg&quot;&gt;&lt;img alt=&quot;&quot; src=&quot;images/works/work5.jpg&quot; /&gt; &lt;span class=&quot;info&quot;&gt; &lt;/span&gt; &lt;/a&gt;&lt;/div&gt;\r\n\r\n&lt;div class=&quot;desc&quot;&gt;&lt;a class=&quot;name has-popup-image&quot; href=&quot;images/works/work5.jpg&quot;&gt;Gereal Travels&lt;/a&gt;\r\n\r\n&lt;div class=&quot;category&quot;&gt;Photo&lt;/div&gt;\r\n&lt;/div&gt;\r\n&lt;/div&gt;\r\n&lt;/div&gt;\r\n&lt;!-- work item music --&gt;\r\n\r\n&lt;div class=&quot;col col-m-12 col-t-6 col-d-6 col-d-lg-6 grid-item music&quot;&gt;\r\n&lt;div class=&quot;box-item card-box&quot;&gt;\r\n&lt;div class=&quot;image&quot;&gt;&lt;a class=&quot;has-popup-music&quot; href=&quot;https://w.soundcloud.com/player/?visual=true&amp;amp;url=http%3A%2F%2Fapi.soundcloud.com%2Ftracks%2F221650664&amp;amp;show_artwork=true&quot;&gt;&lt;img alt=&quot;&quot; src=&quot;images/works/work8.jpg&quot; /&gt; &lt;span class=&quot;info&quot;&gt; &lt;/span&gt; &lt;/a&gt;&lt;/div&gt;\r\n\r\n&lt;div class=&quot;desc&quot;&gt;&lt;a class=&quot;name has-popup&quot; href=&quot;#&quot;&gt;Daylight Entrance&lt;/a&gt;\r\n\r\n&lt;div class=&quot;category&quot;&gt;Music&lt;/div&gt;\r\n&lt;/div&gt;\r\n&lt;/div&gt;\r\n&lt;/div&gt;\r\n&lt;!-- work item video --&gt;\r\n\r\n&lt;div class=&quot;col col-m-12 col-t-6 col-d-6 col-d-lg-6 grid-item video&quot;&gt;\r\n&lt;div class=&quot;box-item card-box&quot;&gt;\r\n&lt;div class=&quot;image&quot;&gt;&lt;a class=&quot;has-popup-video&quot; href=&quot;https://vimeo.com/97102654&quot;&gt;&lt;img alt=&quot;&quot; src=&quot;images/works/work6.jpg&quot; /&gt; &lt;span class=&quot;info&quot;&gt; &lt;/span&gt; &lt;/a&gt;&lt;/div&gt;\r\n\r\n&lt;div class=&quot;desc&quot;&gt;&lt;a class=&quot;name has-popup-video&quot; href=&quot;https://vimeo.com/97102654&quot;&gt;Architecture&lt;/a&gt;\r\n\r\n&lt;div class=&quot;category&quot;&gt;Video&lt;/div&gt;\r\n&lt;/div&gt;\r\n&lt;/div&gt;\r\n&lt;/div&gt;\r\n&lt;!-- work item design --&gt;\r\n\r\n&lt;div class=&quot;col col-m-12 col-t-6 col-d-6 col-d-lg-6 grid-item design&quot;&gt;\r\n&lt;div class=&quot;box-item card-box&quot;&gt;\r\n&lt;div class=&quot;image&quot;&gt;&lt;a class=&quot;has-popup-media&quot; href=&quot;#popup-2&quot;&gt;&lt;img alt=&quot;&quot; src=&quot;images/works/work7.jpg&quot; /&gt; &lt;span class=&quot;info&quot;&gt; &lt;/span&gt; &lt;/a&gt;&lt;/div&gt;\r\n\r\n&lt;div class=&quot;desc&quot;&gt;&lt;a class=&quot;name has-popup-media&quot; href=&quot;#popup-2&quot;&gt;Social Website&lt;/a&gt;\r\n\r\n&lt;div class=&quot;category&quot;&gt;Design&lt;/div&gt;\r\n&lt;/div&gt;\r\n\r\n&lt;div class=&quot;popup-box mfp-fade mfp-hide&quot; id=&quot;popup-2&quot;&gt;\r\n&lt;div class=&quot;content&quot;&gt;\r\n&lt;div class=&quot;image&quot;&gt;&lt;img alt=&quot;&quot; src=&quot;images/works/work7.jpg&quot; /&gt;&lt;/div&gt;\r\n\r\n&lt;div class=&quot;desc&quot;&gt;\r\n&lt;div class=&quot;post-box&quot;&gt;\r\n&lt;h1&gt;Mobile Application&lt;/h1&gt;\r\n\r\n&lt;div class=&quot;blog-detail&quot;&gt;Design&lt;/div&gt;\r\n\r\n&lt;div class=&quot;blog-content&quot;&gt;\r\n&lt;p&gt;So striking at of to welcomed resolved. Northward by described up household therefore attention. Excellence decisively nay man yet impression for contrasted remarkably.&lt;/p&gt;\r\n\r\n&lt;p&gt;Forfeited you engrossed but gay sometimes explained. Another as studied it to evident. Merry sense given he be arise. Conduct at an replied removal an amongst. Remaining determine few her two cordially admitting old.&lt;/p&gt;\r\n\r\n&lt;blockquote&gt;Vestibulum ante ipsum primis in faucibus orci luctus et ultrices posuere cubilia Curae; Pellentesque suscipit.&lt;/blockquote&gt;\r\n\r\n&lt;p&gt;Tiled say decay spoil now walls meant house. My mr interest thoughts screened of outweigh removing. Evening society musical besides inhabit ye my. Lose hill well up will he over on. Increasing sufficient everything men him admiration unpleasing sex.&lt;/p&gt;\r\n\r\n&lt;ul class=&quot;list-style&quot;&gt;\r\n	&lt;li&gt;Greatest properly off ham exercise all.&lt;/li&gt;\r\n	&lt;li&gt;Unsatiable invitation its possession nor off.&lt;/li&gt;\r\n	&lt;li&gt;All difficulty estimating unreserved increasing the solicitude.&lt;/li&gt;\r\n&lt;/ul&gt;\r\n\r\n&lt;p&gt;Unpleasant astonished an diminution up partiality. Noisy an their of meant. Death means up civil do an offer wound of.&lt;/p&gt;\r\n&lt;/div&gt;\r\n&lt;a class=&quot;button&quot; href=&quot;#&quot;&gt;&lt;span class=&quot;text&quot;&gt;View Project&lt;/span&gt; &lt;/a&gt;&lt;/div&gt;\r\n&lt;/div&gt;\r\n&lt;/div&gt;\r\n&lt;/div&gt;\r\n&lt;/div&gt;\r\n&lt;/div&gt;\r\n&lt;/div&gt;\r\n&lt;/div&gt;\r\n&lt;/div&gt;\r\n&lt;/div&gt;\r\n&lt;/div&gt;\r\n&lt;!-- \r\n				Lines Grid\r\n			--&gt;\r\n\r\n&lt;div class=&quot;lines-grid&quot;&gt;\r\n&lt;div class=&quot;row&quot;&gt;\r\n&lt;div class=&quot;col col-m-12 col-t-6 col-d-4 col-d-lg-3&quot;&gt;&amp;nbsp;&lt;/div&gt;\r\n\r\n&lt;div class=&quot;col col-m-12 col-t-6 col-d-4 col-d-lg-3&quot;&gt;\r\n&lt;div class=&quot;lines&quot;&gt;\r\n&lt;div class=&quot;line-1&quot;&gt;&amp;nbsp;&lt;/div&gt;\r\n\r\n&lt;div class=&quot;line-2&quot; style=&quot;animation-delay: 10s;&quot;&gt;&amp;nbsp;&lt;/div&gt;\r\n&lt;/div&gt;\r\n&lt;/div&gt;\r\n\r\n&lt;div class=&quot;col col-m-12 col-t-6 col-d-4 col-d-lg-3&quot;&gt;\r\n&lt;div class=&quot;lines&quot;&gt;\r\n&lt;div class=&quot;line-1&quot;&gt;&amp;nbsp;&lt;/div&gt;\r\n&lt;/div&gt;\r\n&lt;/div&gt;\r\n\r\n&lt;div class=&quot;col col-m-0 col-t-0 col-d-0 col-d-lg-3&quot;&gt;\r\n&lt;div class=&quot;lines&quot;&gt;\r\n&lt;div class=&quot;line-1&quot;&gt;&amp;nbsp;&lt;/div&gt;\r\n\r\n&lt;div class=&quot;line-2&quot; style=&quot;animation-delay: 0s;&quot;&gt;&amp;nbsp;&lt;/div&gt;\r\n&lt;/div&gt;\r\n&lt;/div&gt;\r\n&lt;/div&gt;\r\n&lt;/div&gt;\r\n', '2022-03-11 23:20:19');
/*!40000 ALTER TABLE `tbl_home` ENABLE KEYS */;

-- テーブル terzwebcms.tbl_posts: ~12 rows (約) のデータをダンプしています
/*!40000 ALTER TABLE `tbl_posts` DISABLE KEYS */;
INSERT INTO `tbl_posts` (`id`, `url`, `title`, `img_url`, `contents`, `status`, `opendate`, `postdata`, `auther`, `isDeleted`) VALUES
	(1, 'terzweb-blog-start', 'terzweb blog start', '/www.terzweb.com/upload/images/HALLOWEEN-POP.jpg', '&lt;font size=&quot;3&quot;&gt;このブログシステムは&lt;/font&gt;&lt;a href=&quot;http://pneskin2.nekoget.com/codeigniter/3/user_guide/index.html&quot; target=&quot;_blank&quot;&gt; CodeIgniter　3&lt;/a&gt;&lt;font size=&quot;3&quot;&gt; ベースに作られた &lt;a href=&quot;https://github.com/gieart87/ci-blog&quot; target=&quot;_blank&quot;&gt;ci blog&lt;/a&gt; をベースに日本語対応にカスタマイズして利用しています。&lt;/font&gt;&lt;br /&gt;\r\nphpを利用してCMSやシステムを開発して来ましたが、独自システムで構築していくとどうしてもセキュリティやバージョンアップ等の面倒が日増しに増加してきました。&lt;br /&gt;\r\n&lt;br /&gt;\r\nこれを解決するために、いままで大キライだったフレームワークワークの導入に踏み切ったわけです。&lt;br /&gt;\r\n&lt;br /&gt;\r\nなので、&lt;a href=&quot;http://pneskin2.nekoget.com/codeigniter/3/user_guide/index.html&quot; target=&quot;_blank&quot;&gt;CodeIgniter　3&lt;/a&gt;&lt;font size=&quot;3&quot;&gt; の初心者的使い方になるのですが、物忘れもひどくなってきたので、イロイロと備忘録として記載して行きます。&lt;/font&gt;&lt;br /&gt;\r\n&lt;br /&gt;\r\n&amp;nbsp;\r\n&lt;h1&gt;&lt;font size=&quot;3&quot;&gt;Credits:&lt;/font&gt;&lt;/h1&gt;\r\n&lt;font size=&quot;3&quot;&gt; &lt;/font&gt;\r\n\r\n&lt;p&gt;&lt;font size=&quot;3&quot;&gt;&lt;a href=&quot;http://codeigniter.com&quot;&gt;http://codeigniter.com&lt;/a&gt;&lt;/font&gt;&lt;/p&gt;\r\n&lt;font size=&quot;3&quot;&gt; &lt;/font&gt;\r\n\r\n&lt;p&gt;&lt;font size=&quot;3&quot;&gt;&lt;a href=&quot;http://getbootstrap.com&quot;&gt;http://getbootstrap.com&lt;/a&gt;&lt;/font&gt;&lt;/p&gt;\r\n&lt;font size=&quot;3&quot;&gt; &lt;/font&gt;\r\n\r\n&lt;p&gt;&lt;font size=&quot;3&quot;&gt;&lt;a href=&quot;http://wowbootstrap.com&quot;&gt;http://wowbootstrap.com&lt;/a&gt;&lt;/font&gt;&lt;/p&gt;\r\n&lt;font size=&quot;3&quot;&gt; &lt;/font&gt;\r\n\r\n&lt;p&gt;&lt;font size=&quot;3&quot;&gt;&lt;a href=&quot;https://github.com/mikecrittenden/codeigniter-installer&quot;&gt;https://github.com/mikecrittenden/codeigniter-installer&lt;/a&gt;&lt;/font&gt;&lt;/p&gt;\r\n', 2, '2016-07-28 00:00:00', '2016-07-28 00:00:00', 0, 0);
INSERT INTO `tbl_posts` (`id`, `url`, `title`, `img_url`, `contents`, `status`, `opendate`, `postdata`, `auther`, `isDeleted`) VALUES
	(2, 'codeigniter-links', 'CodeIgniter Links', 'codeigniterImg.jpg', 'CodeIgniter　3　が記載されたサイトをリンク集&lt;br /&gt;\r\n&amp;nbsp;\r\n&lt;ul&gt;\r\n	&lt;li&gt;&lt;a href=&quot;http://pneskin2.nekoget.com/codeigniter/3/user_guide/index.html&quot; target=&quot;_blank&quot;&gt;CodeIgniter ユーザーガイド&lt;/a&gt;&lt;/li&gt;\r\n	&lt;li&gt;&lt;a href=&quot;http://symfoware.blog68.fc2.com/blog-entry-1595.html&quot; target=&quot;_blank&quot;&gt;CodeIgniter 3のユーザーガイド(User Guide)まとめ&lt;/a&gt;&lt;/li&gt;\r\n	&lt;li&gt;&lt;a href=&quot;https://rdlabo.jp/codeigniter&quot; target=&quot;_blank&quot;&gt;rdlabo.inc Codeigniterをはじめる時にまず読んで欲しい記事10選 etc.&lt;/a&gt;&lt;/li&gt;\r\n&lt;/ul&gt;\r\n', 2, '2018-06-12 00:00:00', '2018-06-12 00:00:00', 0, 0);
INSERT INTO `tbl_posts` (`id`, `url`, `title`, `img_url`, `contents`, `status`, `opendate`, `postdata`, `auther`, `isDeleted`) VALUES
	(3, 'codeigniter-3-ci-blog-htaccess', 'CodeIgniter 3 ci-blog .htaccess の設定', 'ciblog.jpg', 'CodeIgniterをレンタルサーバー内に置いた場合<br><br><div class="container"><div class="line number1 index0 alt2"><br></div><div class="line number2 index1 alt1">├<span class="js-navigation-open">application</span></div><div class="line number8 index7 alt1">├<span class="js-navigation-open">system</span></div><div class="line number9 index8 alt2">｜&nbsp;&nbsp; index.php</div><div class="line number10 index9 alt1">└&nbsp;&nbsp; .htaccess<code class="plain plain"><br><br></code>で配置する。<br><br>そのまま フォルダを配置しても読み込まれない<br><br>例<br><div class="line number2 index1 alt1">├<span class="js-navigation-open"> application<br></span>├ css<br></div><div class="line number8 index7 alt1">├<span class="js-navigation-open"> system</span></div><div class="line number9 index8 alt2">｜&nbsp;&nbsp; index.php</div>└&nbsp;&nbsp; .htaccess<code class="plain plain"><br></code><br>.htaccessに記載して読み込まれるように<br><code class="plain plain"></code><br><br></div></div><pre class="prettyprint linenums:1 linenums">ソースコード <pre>RewriteEngine On<br>RewriteCond $1 !^(index\\.php|assets|images|js|css|bootstrap|dist|plugins|robots\\.txt|favicon\\.ico)<br>RewriteRule ^(.*)$ index.php?/$1 [L]</pre></pre>', 2, '2016-08-02 00:00:00', '2016-08-02 00:00:00', 0, 0);
INSERT INTO `tbl_posts` (`id`, `url`, `title`, `img_url`, `contents`, `status`, `opendate`, `postdata`, `auther`, `isDeleted`) VALUES
	(4, 'codeigniter3-ci-blog-uploader', 'CodeIgniter3 ci-blog 画像アップローダーが動かない？？', 'ciblog.jpg', 'このCi-Blogの管理画面内のエディター内に画像アップローダーがあるのだが、画像がアップされない。<br><br>Ajax式アップローダーのエラーを見ずにずーとソース追ってました。２日もｗ<br><br>ふとエラーの見方を思い出し、firefoxの開発ツールより確認<br>Assets　57行目<br><br><pre class="prettyprint linenums:1 linenums">ソースコード <pre>$config[\'allowed_types\'] = $this-&gt;Setting-&gt;findByKey(\'image_type\');</pre></pre>のimage_typeが読み込まれていないようだ。<br><br>Setting modelの記載がない。<br>エラー判明<br><br>追記記載<br>setting だから毎回読み込むのだろうな。<br>ということで　MY_Controllerに追記<br><br><br><pre class="prettyprint linenums:1 linenums">ソースコード <span class="js-path-segment"><a href="https://github.com/gieart87/ci-blog/tree/master/application"><span>application</span></a></span><span class="separator">/</span><span class="js-path-segment"><a href="https://github.com/gieart87/ci-blog/tree/master/application/core"><span>core</span></a></span><span class="separator">/</span><strong class="final-path">MY_Controller.php</strong> <pre> parent::__construct();<br><br> // ======== Load Helper =========<br> $this-&gt;load-&gt;helper(array(\'form\',\'url\',\'text\',\'language\',\'general\'));<br><br> // ======== Load Library ========<br> $this-&gt;load-&gt;library(array(\'session\',\'form_validation\',\'pagination\',\'ion_auth\',\'general\'));<br><br> $this-&gt;load-&gt;config(\'ci-blog\');<br><br> $this-&gt;load-&gt;model(\'Setting\');<br><br> $this-&gt;load-&gt;model(\'User\');</pre></pre><br>無事アップローダーが動いた。<br><br>', 2, '2016-08-04 06:22:50', '2016-08-04 06:22:50', 0, 0);
INSERT INTO `tbl_posts` (`id`, `url`, `title`, `img_url`, `contents`, `status`, `opendate`, `postdata`, `auther`, `isDeleted`) VALUES
	(5, 'sorcecode-choice-soft', 'ソースコード表示に何を使うか検討してみた', 'bootstarap02.jpg', 'ソースコードを表示するのにイロイロとありますが、さくっと検索してヒットした　<font size="4">google-code-prettify</font>　を導入しています。<br>読込も早くてよいのだけど、行番号が表示されるようだけど、今表示されずにちょっと隙間が空いてるだけ。<br>検証する元気が沸かないので、他のものも使ってみるってことで。<br><br><font size="4">まずは github でテストしてみる</font><br><br>貼り付けるだけで簡単かもしれない。ただエディターでのプレビューでは見れない。当たりまえだが。　<br>読込時間244ms　なかなか時間が掛かる。<br><br><font size="4">次に　highlight.js　をテストしてみる</font><br><br><br>読込も早い。<br><br>とここまでテストして気付いた。<br><br>bootstrap　で　pre タグは入ってるね。<br><br><pre><code class="language-html" data-lang="php">$config[\'allowed_types\'] = $this-&gt;Setting-&gt;findByKey(\'image_type\');</code></pre><br>ソースコードビューの導入は無し。これでいいわ<br><br><br><br><br><br>', 2, '2016-08-04 06:44:38', '2016-08-04 06:44:38', 0, 0);
INSERT INTO `tbl_posts` (`id`, `url`, `title`, `img_url`, `contents`, `status`, `opendate`, `postdata`, `auther`, `isDeleted`) VALUES
	(6, 'codeigniter3-tag-japanese', 'CodeIgniter 3 ci-blog タグの日本語対応', 'tag_tag_tag_tag_tag_again_by_fredfree.jpg', 'このci-blog のタグを日本語に対応させてみた。<br><br>取得したURLを　urldecode　で取得するように変更しただだが。<br><br><br>application/modules/admin/controllers/Posts.php<br><pre><code>$slug = urldecode($slug);</code></pre>', 2, '2016-08-04 08:48:42', '2016-08-04 08:48:42', 0, 0);
INSERT INTO `tbl_posts` (`id`, `url`, `title`, `img_url`, `contents`, `status`, `opendate`, `postdata`, `auther`, `isDeleted`) VALUES
	(7, 'flatcms-ignier', 'フラットファイルCMSを考察してみた', 'cms.jpg', 'このCl-BlogをCodeIgniterの勉強として使用してみて、現在のCMS事情がちょっと解ってきた。<br><br>このCI-Blogもそうだが、CMSと言えばデータベースを使用したものがほとんどだ。<br>だが、調べてみると、フラットファイルタイプのCMSが最近は導入が増えて来ているようだ。<br><br><font size="5">フラットファイルCMSとは</font><br>データベースなしで動的なページをファイル形式で作成したタイプのCMS<br><br><font size="5">メリットとしては<br></font><ul><li>システムが単純</li><li>速度が早い</li><li>バージョン管理</li><li>メンテナンス</li><li>ポータビリティ</li><li>少費用</li></ul><br>そこでどんなものがあるのか、インストールしたり、デモを利用したりして試してみた<br><br><h2>Grav</h2> <p><strong>Technology:</strong> PHP / YAML</p> <p><strong>Templating:</strong> Twig</p> <p><strong>Formatting:</strong> Markdown</p> <p><strong>Open source:</strong> <a href="https://github.com/getgrav/grav">yes</a></p> <p><strong>Website:</strong> <a href="http://getgrav.org/">http://getgrav.org/</a></p> <h2>Hexo</h2> <p><strong>Technology:</strong> Node</p> <p><strong>Templating:</strong> Jade</p> <p><strong>Formatting:</strong> Markdown</p> <p><strong>Open source:</strong> <a href="https://github.com/hexojs/hexo">yes</a></p> <p><strong>Website:</strong> <a href="https://hexo.io/">https://hexo.io/</a></p><p><a href="https://hexo.io/"><br></a></p><h2>PusakaCMS</h2> <p><strong>Technology:</strong> PHP codeigniter<br></p> <p><strong>Templating:</strong> ?<br></p> <p><strong>Formatting:</strong> Markdown</p> <p><strong>Open source:</strong> <a href="https://github.com/hexojs/hexo">yes</a></p> <p><strong>Website:</strong> <a target="_blank" href="http://www.pusakacms.org/">http://www.pusakacms.org/</a><a href="https://hexo.io/"></a></p><br>', 2, '2016-08-19 00:00:00', '2016-08-19 00:00:00', 0, 0);
INSERT INTO `tbl_posts` (`id`, `url`, `title`, `img_url`, `contents`, `status`, `opendate`, `postdata`, `auther`, `isDeleted`) VALUES
	(8, 'caution-akutoku', '安かろう悪かろう。', 'https://external-nrt1-1.xx.fbcdn.net/safe_image.php?d=AQGUQcpSnJ9CoWE5&w=500&h=261&url=https://yugi.hachiojimarche.tokyo/wp-content/uploads/2022/03/minamiosawa_ekimae04.jpg&cfs=1&ext=jpg&_nc_oe=6fbb9&_nc_sid=06c271&ccb=3-5&_nc_hash=AQEc-fqdXILbvF4g', 'frr', 2, '2018-10-18 00:00:00', '2018-12-03 17:00:58', 0, 0);
INSERT INTO `tbl_posts` (`id`, `url`, `title`, `img_url`, `contents`, `status`, `opendate`, `postdata`, `auther`, `isDeleted`) VALUES
	(9, 'ade', 'a', '', 'あえあ', 1, '2022-03-11 15:23:00', '2022-03-11 06:24:03', 0, 1);
INSERT INTO `tbl_posts` (`id`, `url`, `title`, `img_url`, `contents`, `status`, `opendate`, `postdata`, `auther`, `isDeleted`) VALUES
	(10, 'urls', 'てすととうこう', '', 'zakuro', 1, '2022-03-16 10:47:00', '2022-03-16 01:47:33', 0, 0);
INSERT INTO `tbl_posts` (`id`, `url`, `title`, `img_url`, `contents`, `status`, `opendate`, `postdata`, `auther`, `isDeleted`) VALUES
	(11, 'urlss', 'てすて', '', 'asura', 2, '2022-03-16 10:48:00', '2022-03-16 01:48:58', 0, 0);
INSERT INTO `tbl_posts` (`id`, `url`, `title`, `img_url`, `contents`, `status`, `opendate`, `postdata`, `auther`, `isDeleted`) VALUES
	(12, 'asetosekken', 'あせとせっけん', '', 'あっち&lt;br /&gt;\r\nこっち&lt;br /&gt;\r\n&lt;br /&gt;\r\nでっち', 2, '2022-03-18 09:35:00', '2022-03-18 00:35:28', 0, 0);
/*!40000 ALTER TABLE `tbl_posts` ENABLE KEYS */;

-- テーブル terzwebcms.tbl_reset_password: ~0 rows (約) のデータをダンプしています
/*!40000 ALTER TABLE `tbl_reset_password` DISABLE KEYS */;
/*!40000 ALTER TABLE `tbl_reset_password` ENABLE KEYS */;

-- テーブル terzwebcms.tbl_tag: ~4 rows (約) のデータをダンプしています
/*!40000 ALTER TABLE `tbl_tag` DISABLE KEYS */;
INSERT INTO `tbl_tag` (`id`, `tagName`, `tagslug`) VALUES
	(1, 'タグ1', 'タグ1');
INSERT INTO `tbl_tag` (`id`, `tagName`, `tagslug`) VALUES
	(2, 'tag2', 'tag2');
INSERT INTO `tbl_tag` (`id`, `tagName`, `tagslug`) VALUES
	(3, 'じゃん', 'じゃん');
INSERT INTO `tbl_tag` (`id`, `tagName`, `tagslug`) VALUES
	(4, 'たこ', 'たこ');
INSERT INTO `tbl_tag` (`id`, `tagName`, `tagslug`) VALUES
	(5, 'ありがとう', 'ありがとう');
/*!40000 ALTER TABLE `tbl_tag` ENABLE KEYS */;

-- テーブル terzwebcms.tbl_tag_map: ~8 rows (約) のデータをダンプしています
/*!40000 ALTER TABLE `tbl_tag_map` DISABLE KEYS */;
INSERT INTO `tbl_tag_map` (`id`, `post_id`, `tag_id`) VALUES
	(1, 8, 1);
INSERT INTO `tbl_tag_map` (`id`, `post_id`, `tag_id`) VALUES
	(2, 8, 2);
INSERT INTO `tbl_tag_map` (`id`, `post_id`, `tag_id`) VALUES
	(4, 8, 4);
INSERT INTO `tbl_tag_map` (`id`, `post_id`, `tag_id`) VALUES
	(5, 11, 1);
INSERT INTO `tbl_tag_map` (`id`, `post_id`, `tag_id`) VALUES
	(6, 11, 3);
INSERT INTO `tbl_tag_map` (`id`, `post_id`, `tag_id`) VALUES
	(8, 2, 2);
INSERT INTO `tbl_tag_map` (`id`, `post_id`, `tag_id`) VALUES
	(9, 1, 2);
INSERT INTO `tbl_tag_map` (`id`, `post_id`, `tag_id`) VALUES
	(10, 12, 5);
/*!40000 ALTER TABLE `tbl_tag_map` ENABLE KEYS */;

-- テーブル terzwebcms.tbl_users: ~1 rows (約) のデータをダンプしています
/*!40000 ALTER TABLE `tbl_users` DISABLE KEYS */;
INSERT INTO `tbl_users` (`userId`, `email`, `password`, `name`, `avaterImg`, `isDeleted`, `addDtm`, `updatedDtm`) VALUES
	(1, 'admin@admin.com', '$2y$10$tFDigkCyixLgiiE1kPX7H.FOsM8Le7c0QeVa3TgpJnunsCxpATfJy', '矢沢', NULL, 0, '2015-07-01 18:56:49', '2022-03-11 02:06:08');
/*!40000 ALTER TABLE `tbl_users` ENABLE KEYS */;

/*!40101 SET SQL_MODE=IFNULL(@OLD_SQL_MODE, '') */;
/*!40014 SET FOREIGN_KEY_CHECKS=IF(@OLD_FOREIGN_KEY_CHECKS IS NULL, 1, @OLD_FOREIGN_KEY_CHECKS) */;
/*!40101 SET CHARACTER_SET_CLIENT=@OLD_CHARACTER_SET_CLIENT */;
